OBJECTID,projectID,siteID,survey,surveyDate,RGGRatingID,RGGRating,site,decDegLat,decDegLon,streamName,roadName,constructionYear,observer1ID,observer2ID,observer3ID,observer4ID,projectCode,fishPassageProject,HUCCode,x,y
1099,25,6874,1528,"4/10/2019, 4:00 PM",1,Green,20601528,61.065115,-151.14238,Indian Creek,,2018,224,,,,UPDATE,1,1.90206E+11,-151.14238,61.06511500000005
1100,14,6875,TY003,"6/4/2002, 4:00 PM",3,Red,20601529,61.187413,-151.033889,Power Plant Creek,,,24,134,79,,TYCS1,0,1.90206E+11,-151.033889,61.18741300000005
1105,14,6880,TY008,"6/6/2002, 4:00 PM",1,Green,20601534,61.07681,-151.31593,Tyonek Creek,,,24,134,79,,TYCS1,0,1.90206E+11,-151.31593,61.07681000000008
1112,25,6887,TY015,"12/14/2014, 3:00 PM",1,Green,20601541,61.03326,-151.310467,Old Tyonek Creek,,,222,,,,UPDATE,0,1.90206E+11,-151.310467,61.03326000000004
1117,14,6892,TY020,"6/16/2002, 4:00 PM",2,Gray,20601546,61.106922,-151.723214,Chuitkilnachna Creek,,,24,134,79,,TYCS1,0,1.90206E+11,-151.723214,61.106922000000054
1118,14,6893,TY021,"6/17/2002, 4:00 PM",2,Gray,20601547,61.080327,-151.578066,Unnamed,,,24,134,79,,TYCS1,0,1.90206E+11,-151.578066,61.08032700000007
1119,25,6894,TY022,"4/10/2016, 4:00 PM",1,Green,20601548,61.0787,-151.5723,Unnamed,,,645,,,,UPDATE,0,1.90206E+11,-151.5723,61.07870000000008
1120,25,6895,1549,"6/19/2018, 4:00 PM",1,Green,20601549,61.077746,-151.543949,Unnamed,,,725,,,,UPDATE,1,1.90206E+11,-151.543949,61.07774600000005
1121,25,6896,1550,"6/19/2018, 4:00 PM",1,Green,20601550,61.068468,-151.513238,Stedatna Creek,,,725,,,,UPDATE,1,1.90206E+11,-151.513238,61.06846800000005
1122,25,6897,1551,"6/19/2018, 4:00 PM",1,Green,20601551,61.054278,-151.509997,Unnamed,,,725,,,,UPDATE,0,1.90206E+11,-151.509997,61.05427800000007
1123,14,6898,TY026,"6/18/2002, 4:00 PM",3,Red,20601552,61.03972,-151.47273,Unnamed,,,24,134,79,,TYCS1,0,1.90206E+11,-151.47273,61.039720000000045
1124,14,6899,TY027,"6/18/2002, 4:00 PM",2,Gray,20601553,61.03941,-151.47293,Unnamed,,,24,134,79,,TYCS1,0,1.90206E+11,-151.47293,61.03941000000003
1126,14,6901,TY029,"6/19/2002, 4:00 PM",2,Gray,20601555,61.050737,-151.300244,Unnamed,,,24,134,79,,TYCS1,0,1.90206E+11,-151.300244,61.05073700000008
2642,25,186830,BEL01,"4/26/2016, 4:00 PM",4,Black,20503477,61.2417,-150.80113,Unnamed Tributary to Lewis River,,,222,,,,UPDATE,0,1.90205E+11,-150.80113,61.24170000000004
2643,25,186831,BEL07,"4/26/2016, 4:00 PM",1,Green,20503480,61.31939,-150.8362,Unnamed Tributary to Lewis River,,,222,,,,UPDATE,0,1.90205E+11,-150.8362,61.319390000000055
2652,25,186840,TYK10,"4/25/2016, 4:00 PM",4,Black,20603494,61.08491,-151.40651,Congbuna Lake Inlet,,,222,,,,UPDATE,0,1.90206E+11,-151.40651,61.084910000000036
2954,25,187153,KEN27,"9/12/2018, 4:00 PM",4,Black,20303795,60.565187,-151.27117,Unnamed,4th Avenue,,755,,,,UPDATE,1,1.90203E+11,-151.27117,60.56518700000004
2734,52,186927,AR01,"7/11/2017, 4:00 PM",4,Black,20303743,60.567283,-151.189161,Unnamed,Akiak Road,,788,781,,,KEN17,0,1.90203E+11,-151.189161,60.56728300000003
772,25,6487,KEN14,"12/31/2012, 3:00 PM",1,Green,20300968,60.4334382,-151.1221224,Slikok Creek,Arc Loop Road,2007,,,,,UPDATE,1,1.90203E+11,-151.1221224,60.433438195000065
735,60,6450,BCBC1,"8/15/2018, 4:00 PM",1,Green,20300931,60.4931344,-149.844504,Bean Creek,Bean Creek,,830,833,834,835,KEN18,1,1.90203E+11,-149.844504,60.49313439700006
2765,52,186959,BLR01,"5/29/2017, 4:00 PM",1,Green,20303744,60.56127,-151.12889,Unnamed,Beaver Loop Road,,781,788,,,KEN17,1,1.90203E+11,-151.12889,60.561270000000036
3067,60,187269,BLR01,"5/17/2018, 4:00 PM",3,Red,20303804,60.54239,-151.16998,Unnamed,Beaver Loop Road,,830,833,834,,KEN18,0,1.90203E+11,-151.16998,60.54239000000007
1101,14,6876,TY004,"6/4/2002, 4:00 PM",3,Red,20601530,61.16178,-151.055259,Unnamed,Beluga Highway,,24,134,79,,TYCS1,0,1.90206E+11,-151.055259,61.16178000000008
1102,14,6877,TY005,"6/5/2002, 4:00 PM",2,Gray,20601531,61.14457,-151.08124,3 Mile Creek,Beluga Highway,,24,134,79,,TYCS1,0,1.90206E+11,-151.08124,61.144570000000044
2640,25,186828,BEL11,"4/27/2016, 4:00 PM",4,Black,20603482,61.25658,-150.91428,Unnamed,Beluga Highway,,224,752,,,UPDATE,0,1.90206E+11,-150.91428,61.25658000000004
2644,25,186832,BEL13,"4/27/2016, 4:00 PM",3,Red,20503483,61.32535,-150.85535,Unnamed Tributary to Lewis River,Beluga Highway,,224,752,,,UPDATE,0,1.90205E+11,-150.85535,61.32535000000007
2646,25,186834,BEL10,"4/27/2016, 4:00 PM",3,Red,20603481,61.192425,-151.027745,Unnamed,Beluga Highway,,224,752,,,UPDATE,0,1.90206E+11,-151.027745,61.19242500000007
810,81,6526,BARD01,"6/25/2019, 4:00 PM",2,Gray,20301007,60.53529881,-151.2112883,Unnamed,Bridge Access Road,,830,833,883,,KEN19,0,1.90203E+11,-151.2112883,60.53529880800005
811,10,6527,NK080,"9/25/2001, 4:00 PM",1,Green,20301008,60.54427913,-151.2118186,Beaver Loop Creek,Bridge Access Road,,24,206,,,KPCS1,0,1.90203E+11,-151.2118186,60.544279130000064
2697,83,186886,CEM01,"11/25/2020, 3:00 PM",1,Green,20603716,61.064893,-151.146431,Unnamed Tributary to Indian Creek,Cemetery Road,2021,889,,,,UPD21,1,1.90206E+11,-151.146431,61.06489300000004
770,25,6485,3,"6/14/2009, 4:00 PM",1,Green,20300966,60.47640847,-151.1393446,Slikok Creek,College Loop Road,2007,222,221,,,UPDATE,1,1.90203E+11,-151.1393446,60.47640847100007
2771,52,186965,MRD-R,"6/10/2017, 4:00 PM",3,Red,20303754,60.54675,-150.75394,Unnamed,Driveway,,788,781,,,KEN17,0,1.90203E+11,-150.75394,60.54675000000003
3091,81,187296,MC2C01,"7/15/2019, 4:00 PM",2,Gray,20303930,60.513401,-149.47038,Moose Creek,Driveway off Seward Highway,,830,833,883,,KEN19,0,1.90203E+11,-149.47038,60.513401000000044
794,10,6510,NK035,"7/17/2001, 4:00 PM",1,Green,20300991,60.51664824,-151.2038974,Unnamed,Driveway Spenard Builders Supp,,24,142,,,KPCS1,0,1.90203E+11,-151.2038974,60.51664824000005
3120,83,187350,DUN01,"5/12/2021, 4:00 PM",1,Green,20302477,60.51339,-150.79164,Kenai River Tributary,Duncan Drive,2009,222,,,,UPD21,1,1.90208E+11,-150.79164,60.51339000000007
796,25,6512,KEN07,"12/31/2012, 3:00 PM",1,Green,20300993,60.48775911,-151.0468423,Soldotna Creek,East Redoubt Street,2005,,,,,UPDATE,1,1.90203E+11,-151.0468423,60.48775911100006
2917,25,187113,3747,"2/22/2018, 3:00 PM",1,Green,20303747,60.502797,-151.118312,Unnamed,Enstar Pipeline Access Rd,2017,224,,,,UPDATE,0,1.90203E+11,-151.118312,60.502797000000044
2770,52,186964,FA01,"7/11/2017, 4:00 PM",2,Gray,20303748,60.559728,-151.261434,Unnamed,First Avenue,,781,788,,,KEN17,0,1.90203E+11,-151.261434,60.559728000000064
1116,83,6891,FCR01,"11/2/2021, 4:00 PM",1,Green,20601545,61.03975,-151.31818,Unnamed Tributary to Old Tyonek Creek,Fish Camp Road,2020,222,,,,UPD21,1,1.90206E+11,-151.31818,61.03975000000008
829,25,6545,2,"12/31/2010, 3:00 PM",1,Green,20301026,60.29637088,-151.2756155,Crooked Creek,Fish Hatchery,,222,,,,UPDATE,1,1.90203E+11,-151.2756155,60.296370883000066
3066,60,187268,FORR01-2,"10/10/2018, 4:00 PM",1,Green,20303805,60.495381,-151.019059,Unnamed,Forest Road,2018,830,831,,,KEN18,1,1.90203E+11,-151.019059,60.495381000000066
771,10,6486,NK002,"6/14/2001, 4:00 PM",3,Red,20300967,60.46997022,-150.8854742,Bear Creek,Funny River Road,,24,180,142,,KPCS1,0,1.90203E+11,-150.8854742,60.469970216000036
2750,52,186944,FRR01,"5/18/2017, 4:00 PM",3,Red,20303749,60.465287,-150.996111,Unnamed,Funny River Road,,783,788,784,781,KEN17,0,1.90203E+11,-150.996111,60.465287000000046
2950,25,187149,HLR01,"9/6/2018, 4:00 PM",4,Black,20303791,60.6893,-151.23021,Bishop Creek,Holt-Lamplight Road,,755,,,,UPDATE,0,1.90203E+11,-151.23021,60.68930000000006
755,10,6470,EK075,"9/11/2001, 4:00 PM",3,Red,20300951,60.9187297,-149.6216831,Bear Creek,Hope Highway FH 14,,24,100,,,KPCS1,0,1.90203E+11,-149.6216831,60.91872970400004
756,10,6471,EK076,"9/12/2001, 4:00 PM",3,Red,20300952,60.80140568,-149.437862,Beaver Dam Creek,Hope Highway FH 14,,24,11,100,,KPCS1,0,1.90203E+11,-149.437862,60.80140567800004
757,10,6472,EK077,"9/12/2001, 4:00 PM",1,Green,20300953,60.81738852,-149.4318646,Alder Creek,Hope Highway FH 14,,24,11,100,,KPCS1,0,1.90203E+11,-149.4318646,60.81738851700004
769,10,6484,EK099,"10/4/2001, 4:00 PM",2,Gray,20300965,60.55105718,-149.5884507,Jerome Lake,Jerome Lake Access Road,,24,100,206,,KPCS1,0,1.90203E+11,-149.5884507,60.551057177000075
774,10,6490,NK006,"6/19/2001, 4:00 PM",2,Gray,20300971,60.47326839,-151.1401944,Slikok Creek,Kalifornsky Beach Road,,24,36,142,,KPCS1,0,1.90203E+11,-151.1401944,60.47326839400006
783,25,6499,1,"10/10/2010, 4:00 PM",1,Green,20300980,60.35517011,-151.2648354,Coal Creek,Kalifornsky Beach Road,2010,222,,,,UPDATE,1,1.90203E+11,-151.2648354,60.355170111000064
795,25,6511,KEN08,"12/31/2012, 3:00 PM",4,Black,20300992,60.51760824,-151.2059275,Unnamed,Kalifornsky Beach Road,2010,,,,,UPDATE,0,1.90203E+11,-151.2059275,60.51760824300004
2957,25,187156,KEN30,"9/12/2018, 4:00 PM",4,Black,20303798,60.516095,-151.230092,Unnamed,Kalifornsky Beach Road,,755,,,,UPDATE,0,1.90203E+11,-151.230092,60.516095000000064
3085,25,187290,KEN36,"6/10/2019, 4:00 PM",4,Black,20303926,60.524367,-149.514425,Daves Creek,Kenai Borough ROW,2019,755,,,,UPDATE,0,1.90203E+11,-149.514425,60.52436700000004
775,10,6491,NK007,"6/20/2001, 4:00 PM",2,Gray,20300972,60.56327004,-151.1202077,Beaver Creek,Kenai Spur Highway,,24,197,142,,KPCS1,0,1.90203E+11,-151.1202077,60.563270043000045
776,10,6492,NK008,"6/20/2001, 4:00 PM",2,Gray,20300973,60.53745966,-151.0841654,Unnamed,Kenai Spur Highway,,24,142,197,,KPCS1,0,1.90203E+11,-151.0841654,60.53745965600007
777,52,6493,KSH02,"5/30/2017, 4:00 PM",3,Red,20300974,60.53740966,-151.0856655,Unnamed,Kenai Spur Highway,,781,788,,,KEN17,0,1.90203E+11,-151.0856655,60.53740965600008
778,83,6494,NK010,"5/19/2021, 4:00 PM",4,Black,20300975,60.5575191,-151.2661299,Unnamed,Kenai Spur Highway,2016,,,,,UPD21,0,1.90203E+11,-151.2661299,60.557519100000036
781,10,6497,NK013,"6/24/2001, 4:00 PM",1,Green,20300978,60.56729008,-151.1467485,Unnamed,Kenai Spur Highway,,24,142,197,,KPCS1,0,1.90203E+11,-151.1467485,60.56729008100007
2949,25,187148,CCS01,"8/21/2018, 4:00 PM",3,Red,20303898,60.78118,-151.081941,Unnamed,Kenai Spur Highway,,755,,,,UPDATE,0,1.90203E+11,-151.081941,60.78118000000006
2955,25,187154,KEN28,"9/12/2018, 4:00 PM",1,Green,20303796,60.561208,-151.224424,Unnamed,Kenai Spur Highway,2016,755,,,,UPDATE,1,1.90203E+11,-151.224424,60.56120800000008
3105,82,187316,SAL01,"8/25/2020, 4:00 PM",4,Black,20303945,60.621,-151.333,,Kenai Spur Highway,,889,715,,,UPD20,0,1.90203E+11,-151.333,60.62100000000004
779,52,6495,KSH01,"3/17/2017, 4:00 PM",2,Gray,20300976,60.55965904,-151.27333,Unnamed,Kenai Spur Road,2016,788,781,783,,KEN17,1,1.90203E+11,-151.27333,60.55965904100003
2746,52,186939,KGC01,"6/1/2017, 4:00 PM",3,Red,20303751,60.560026,-151.187151,Unnamed,Lawton Drive,,788,781,,,KEN17,0,1.90203E+11,-151.187151,60.56002600000005
2956,25,187155,KEN29,"9/12/2018, 4:00 PM",4,Black,20303797,60.560129,-151.224424,Unnamed,Lawton Drive,,755,,,,UPDATE,0,1.90203E+11,-151.224424,60.560129000000074
1103,25,6878,1532,"4/26/2016, 4:00 PM",1,Green,20601532,61.11343,-151.14975,Chuitbuna Lake outlet,Logging Road,,224,752,,,UPDATE,0,1.90206E+11,-151.14975,61.11343000000005
1104,14,6879,TY007,"6/5/2002, 4:00 PM",3,Red,20601533,61.11139,-151.17406,Unnamed,Logging Road,,24,134,79,,TYCS1,0,1.90206E+11,-151.17406,61.11139000000003
1108,25,6883,TY011,"4/10/2016, 4:00 PM",1,Green,20601537,61.179755,-151.201939,3 Mile Creek,Logging Road,,645,,,,UPDATE,0,1.90206E+11,-151.201939,61.17975500000006
1109,25,6884,TY012,"4/25/2016, 4:00 PM",1,Green,20601538,61.08064045,-151.1791178,Unnamed,Logging Road,2012,224,752,,,UPDATE,1,1.90206E+11,-151.1791178,61.08064044500003
2647,25,186835,3493,"8/2/2017, 4:00 PM",1,Green,20603493,61.08731,-151.22026,Indian Creek,Logging Road,2017,224,,,,UPDATE,1,1.90206E+11,-151.22026,61.08731000000006
2653,25,186841,TYK11,"4/25/2016, 4:00 PM",3,Red,20603495,61.084518,-151.434466,Congabuna Lake Inlet,Logging Road,,222,,,,UPDATE,0,1.90206E+11,-151.434466,61.08451800000006
817,81,6533,LMR01,"8/11/2019, 4:00 PM",2,Gray,20301014,60.51310103,-150.8596036,Unnamed,Lou Morgan Road,,830,833,883,,KEN19,0,1.90203E+11,-150.8596036,60.513101032000066
2761,52,186955,DVW01,"6/4/2017, 4:00 PM",1,Green,20303746,60.5277,-150.98456,Mackey Lake outlet,Messer Street,,788,781,,,KEN17,0,1.90203E+11,-150.98456,60.52770000000004
2728,52,186921,MRD02,"6/13/2017, 4:00 PM",3,Red,20303753,60.54926,-150.75282,Unnamed,Moose River Drive,,788,781,,,KEN17,0,1.90203E+11,-150.75282,60.54926000000006
2767,52,186961,MRD01,"6/12/2017, 4:00 PM",2,Gray,20303752,60.54728,-150.75244,Unnamed,Moose River Drive,,788,781,,,KEN17,0,1.90203E+11,-150.75244,60.54728000000006
780,10,6496,NK012,"6/25/2001, 4:00 PM",1,Green,20300977,60.77507648,-151.0986749,Bishop Creek,North Kenai Highway,,24,142,197,,KPCS1,0,1.90203E+11,-151.0986749,60.77507648200003
2741,52,186934,OTR02,"6/1/2017, 4:00 PM",2,Gray,20303756,60.5395,-150.73605,Unnamed,Otter Trail Road,,788,781,,,KEN17,0,1.90203E+11,-150.73605,60.53950000000003
2747,52,186940,OTR01,"5/30/2017, 4:00 PM",4,Black,20303755,60.547584,-150.736151,Unnamed,Otter Trail Road,,781,788,,,KEN17,0,1.90203E+11,-150.736151,60.54758400000003
1107,83,6882,PAN01,"11/25/2021, 3:00 PM",1,Green,20601536,61.12846,-151.2282,Unnamed Tributary to Chuitna,Pan Am Road,2021,889,,,,UPD21,1,1.90206E+11,-151.2282,61.128460000000075
2953,25,187152,PRA01,"9/6/2018, 4:00 PM",4,Black,20303794,60.690416,-151.254998,Bishop Creek,Parson's Road,,755,,,,UPDATE,0,1.90203E+11,-151.254998,60.69041600000003
2645,25,186833,BEL15,"4/27/2015, 4:00 PM",2,Gray,20603485,61.32467,-151.00385,Unnamed,Pretty Creek Road,,224,752,,,UPDATE,0,1.90206E+11,-151.00385,61.32467000000008
2648,25,186836,BEL14,"4/27/2016, 4:00 PM",3,Red,20603484,61.32622,-151.01259,Unnamed,Pretty Creek Road,,224,752,,,UPDATE,0,1.90206E+11,-151.01259,61.326220000000035
2649,25,186837,BEL05,"4/27/2016, 4:00 PM",1,Green,20603479,61.27386,-150.91206,Unnamed,Pretty Creek Road,,224,752,,,UPDATE,0,1.90206E+11,-150.91206,61.27386000000007
2651,25,186839,BEL6,"4/27/2016, 4:00 PM",2,Gray,20603486,61.32408,-151.03802,Pretty Creek,Pretty Creek Road,,224,752,,,UPDATE,0,1.90206E+11,-151.03802,61.32408000000004
2782,52,186977,DOF01,"5/18/2017, 4:00 PM",3,Red,20303745,60.48698,-150.9991,Unnamed,Private Drive,,788,781,,,KEN17,0,1.90203E+11,-150.9991,60.486980000000074
734,60,6449,BCPP1,"8/13/2018, 4:00 PM",3,Red,20300930,60.4931312,-149.8439313,Bean Creek,Ptarmigan Place,2010,830,837,838,835,KEN18,1,1.90203E+11,-149.8439313,60.49313119700008
818,81,6534,SLR01,"7/7/2019, 4:00 PM",2,Gray,20301015,60.51814177,-150.794461,Unnamed,Scout Lake Loop Road,,830,833,883,,KEN19,0,1.90203E+11,-150.794461,60.51814176500005
738,81,6453,MC101,"7/14/2019, 4:00 PM",3,Red,20300934,60.504696,-149.439519,Moose Creek,Seward Highway,,830,833,883,,KEN19,0,1.90203E+11,-149.439519,60.50469600000008
739,81,6454,MC301,"7/14/2019, 4:00 PM",3,Red,20300935,60.50160588,-149.4228123,Moose Creek,Seward Highway,,830,833,883,,KEN19,0,1.90203E+11,-149.4228123,60.50160587700003
740,10,6455,EK052,"8/26/2001, 4:00 PM",3,Red,20300936,60.31044957,-149.3602119,Unnamed,Seward Highway,,24,11,100,,KPCS1,0,1.90203E+11,-149.3602119,60.310449574000074
745,10,6460,EK057,"8/29/2001, 4:00 PM",2,Gray,20300941,60.61012,-149.5352811,Summit Creek,Seward Highway,,24,11,150,,KPCS1,0,1.90203E+11,-149.5352811,60.61012000000005
746,10,6461,EK058,"8/29/2001, 4:00 PM",2,Gray,20300942,60.64325469,-149.4975849,Colorado Creek,Seward Highway,,24,11,100,,KPCS1,0,1.90203E+11,-149.4975849,60.643254686000034
747,81,6462,MC2B01,"7/15/2019, 4:00 PM",3,Red,20300943,60.51357401,-149.4703751,Moose Creek,Seward Highway,,830,833,883,,KEN19,0,1.90203E+11,-149.4703751,60.51357401100006
751,60,6466,SCSH1,"8/28/2018, 4:00 PM",1,Green,20300947,60.59944025,-149.5410014,Summit Creek,Seward Highway,,830,832,,,KEN18,0,1.90203E+11,-149.5410014,60.59944025300007
752,10,6467,EK072,"9/10/2001, 4:00 PM",3,Red,20300948,60.55804659,-149.5837499,John's Creek,Seward Highway,,24,11,100,,KPCS1,0,1.90203E+11,-149.5837499,60.55804659100005
753,10,6468,EK073,"9/10/2001, 4:00 PM",3,Red,20300949,60.67025673,-149.4788081,Fresno Creek,Seward Highway,,24,11,98,,KPCS1,0,1.90203E+11,-149.4788081,60.67025673200004
754,10,6469,EK074,"9/11/2001, 4:00 PM",3,Red,20300950,60.59468129,-149.5475528,Quartz Creek,Seward Highway,,24,11,100,,KPCS1,0,1.90203E+11,-149.5475528,60.59468128800006
758,10,6473,EK078,"9/12/2001, 4:00 PM",2,Gray,20300954,60.74010742,-149.3594862,Silvertip Creek,Seward Highway,,24,11,100,,KPCS1,0,1.90203E+11,-149.3594862,60.74010741700005
759,10,6474,EK089,"10/1/2001, 4:00 PM",2,Gray,20300955,60.74330825,-149.3641276,Unnamed,Seward Highway,,24,206,100,,KPCS1,0,1.90203E+11,-149.3641276,60.743308254000056
760,10,6475,EK090,"10/1/2001, 4:00 PM",2,Gray,20300956,60.74490865,-149.3658983,Unnamed,Seward Highway,,24,100,206,,KPCS1,0,1.90203E+11,-149.3658983,60.74490864900008
761,10,6476,EK091,"10/1/2001, 4:00 PM",2,Gray,20300957,60.72777157,-149.2798841,Ditch Creek,Seward Highway,,24,100,206,,KPCS1,0,1.90203E+11,-149.2798841,60.72777157400003
762,10,6477,EK092,"10/2/2001, 4:00 PM",2,Gray,20300958,60.73191175,-149.2697941,Pete's Creek,Seward Highway,,24,100,206,,KPCS1,0,1.90203E+11,-149.2697941,60.73191175200003
763,10,6478,EK093,"10/2/2001, 4:00 PM",2,Gray,20300959,60.7415027,-149.2598856,Spokane Creek,Seward Highway,,24,100,206,,KPCS1,0,1.90203E+11,-149.2598856,60.74150270400003
764,10,6479,EK094,"10/2/2001, 4:00 PM",3,Red,20300960,60.75089349,-149.251127,Bertha Creek,Seward Highway,,24,100,206,,KPCS1,0,1.90203E+11,-149.251127,60.75089348800003
765,10,6480,EK095,"10/2/2001, 4:00 PM",3,Red,20300961,60.77885249,-149.22116,Lyon Creek,Seward Highway,,24,100,206,,KPCS1,0,1.90203E+11,-149.22116,60.77885248900003
766,10,6481,EK096,"10/3/2001, 4:00 PM",3,Red,20300962,60.73092459,-149.3354309,Unnamed,Seward Highway,,24,100,206,,KPCS1,0,1.90203E+11,-149.3354309,60.730924594000044
767,10,6482,EK097,"10/3/2001, 4:00 PM",3,Red,20300963,60.7897119,-149.2096413,Unnamed,Seward Highway,,24,100,206,,KPCS1,0,1.90203E+11,-149.2096413,60.78971189500004
768,10,6483,EK098,"10/3/2001, 4:00 PM",3,Red,20300964,60.8236131,-149.1324055,Unnamed,Seward Highway,,24,100,206,,KPCS1,0,1.90203E+11,-149.1324055,60.82361310400006
819,10,6535,NK088,"10/1/2001, 4:00 PM",3,Red,20301016,60.74939002,-149.3756507,Unnamed,Seward Highway,,24,100,206,,KPCS1,0,1.90203E+11,-149.3756507,60.749390023000046
3082,25,187287,KEN33,"6/3/2019, 4:00 PM",3,Red,20303923,60.510583,-149.462777,Unnamed,Seward Highway,,755,,,,UPDATE,0,1.90203E+11,-149.462777,60.510583000000054
3083,25,187288,KEN34,"6/3/2019, 4:00 PM",3,Red,20303924,60.5090273,-149.452718,Moose Creek,Seward Highway,,755,,,,UPDATE,0,1.90203E+11,-149.452718,60.50902730000007
3086,25,187291,KEN37,"6/10/2019, 4:00 PM",4,Black,20303927,60.273352,-149.346305,Unnamed,Seward Highway,,755,,,,UPDATE,0,1.90203E+11,-149.346305,60.273352000000045
3087,25,187292,KEN38,"6/10/2019, 4:00 PM",4,Black,20303928,60.275027,-149.345972,Unnamed,Seward Highway,,755,,,,UPDATE,0,1.90203E+11,-149.345972,60.27502700000008
3088,25,187293,KEN39,"6/10/2019, 4:00 PM",4,Black,20303929,60.29174,-149.347493,Unnamed,Seward Highway,,755,,,,UPDATE,0,1.90203E+11,-149.347493,60.29174000000006
3090,81,187295,MC2A01,"7/15/2019, 4:00 PM",3,Red,20302669,60.50917,-149.4525,Moose Creek,Seward Highway,,830,833,883,,KEN19,0,1.90203E+11,-149.4525,60.50917000000004
3092,81,187297,MC2D01,"7/15/2019, 4:00 PM",3,Red,20302672,60.512276,-149.467164,Moose Creek,Seward Highway,,830,833,883,,KEN19,0,1.90203E+11,-149.467164,60.51227600000004
3097,82,187305,SRD20,"6/23/2019, 4:00 PM",4,Black,20303941,60.29476,-149.351624,Tributary to Snow River,Seward Highway,,889,755,,,UPD20,0,1.90203E+11,-149.351624,60.29476000000005
3098,82,187306,SRD20A,"6/23/2019, 4:00 PM",4,Black,20303942,60.302346,-149.356346,Trib to Snow River,Seward Highway,,889,755,,,UPD20,0,1.90203E+11,-149.356346,60.30234600000006
2639,25,186827,TYK01,"4/24/2016, 4:00 PM",4,Black,20803492,61.01379,-151.42441,Unnamed Creek,Shirlyville Airstrip Road,,224,222,752,,UPDATE,0,1.90208E+11,-151.42441,61.01379000000003
799,10,6515,NK041,"7/29/2001, 4:00 PM",2,Gray,20300996,60.48345123,-150.1166893,Jean Creek,Skilak Lake Road,,24,142,,,KPCS1,0,1.90203E+11,-150.1166893,60.48345123000007
800,10,6516,NK042,"7/29/2001, 4:00 PM",3,Red,20300997,60.48361123,-150.1165693,Unnamed,Skilak Lake Road,,24,142,,,KPCS1,0,1.90203E+11,-150.1165693,60.48361122700004
801,25,6517,KEN06,"12/31/2012, 3:00 PM",1,Green,20300998,60.45784506,-150.1982658,Hidden Creek,Skilak Lake Road,2008,,,,,UPDATE,1,1.90203E+11,-150.1982658,60.45784505900008
802,81,6518,SFC01,"7/20/2019, 4:00 PM",3,Red,20300999,60.48786998,-149.7856758,Shackleford Creek,Snug Harbor Road,,830,833,883,,KEN19,0,1.90203E+11,-149.7856758,60.487869981000074
816,25,6532,KEN02,"12/31/2011, 3:00 PM",1,Green,20301013,60.50732097,-150.8563533,Unnamed,Stephens Drive,2010,,,,,UPDATE,1,1.90203E+11,-150.8563533,60.50732097500003
736,10,6451,EK048,"8/21/2001, 4:00 PM",2,Gray,20300932,60.52403537,-149.6394442,Unnamed,Sterling Highway,,24,11,,,KPCS1,0,1.90203E+11,-149.6394442,60.524035369000046
737,10,6452,EK049,"8/22/2001, 4:00 PM",1,Green,20300933,60.52410558,-149.6384345,Unnamed,Sterling Highway,,24,11,,,KPCS1,0,1.90203E+11,-149.6384345,60.52410557800005
773,52,6488,SH02,"7/24/2017, 4:00 PM",2,Gray,20300969,60.436494,-151.12376,Slikok Creek,Sterling Highway,,788,781,,,KEN17,0,1.90203E+11,-151.12376,60.43649400000004
782,83,6498,STR01,"11/2/2021, 4:00 PM",1,Green,20300979,60.30205097,-151.2712755,Crooked Creek,Sterling Highway,2019,222,,,,UPD21,1,1.90203E+11,-151.2712755,60.30205097500004
797,10,6513,NK038,"7/18/2001, 4:00 PM",2,Gray,20300994,60.49797926,-151.0220618,Soldotna Creek,Sterling Highway,,24,142,,,KPCS1,0,1.90203E+11,-151.0220618,60.49797926400004
798,10,6514,NK040,"7/29/2001, 4:00 PM",2,Gray,20300995,60.53073198,-150.462176,Moose River East Fork ,Sterling Highway,,24,142,,,KPCS1,0,1.90203E+11,-150.462176,60.53073197600003
803,10,6519,NK045,"8/20/2001, 4:00 PM",2,Gray,20301000,60.52409203,-149.6411689,Unnamed,Sterling Highway,,24,100,,,KPCS1,0,1.90203E+11,-149.6411689,60.52409202500007
809,10,6525,NK066,"9/5/2001, 4:00 PM",2,Gray,20301006,60.52500064,-149.6102351,Daves Creek,Sterling Highway,,24,100,,,KPCS1,0,1.90203E+11,-149.6102351,60.525000645000034
1652,83,7550,STR02,"11/3/2021, 4:00 PM",1,Green,20300970,60.35083,-151.2172,Coal Creek,Sterling Highway,2019,222,,,,UPD21,1,1.90203E+11,-151.2172,60.35083000000003
3065,60,187267,UCSH1,"8/30/2018, 4:00 PM",2,Gray,20303806,60.524288,-149.644316,Unnamed,Sterling Highway,,830,832,,,KEN18,0,1.90203E+11,-149.644316,60.52428800000007
3068,60,187270,UTSH1,"8/29/2018, 4:00 PM",1,Green,20303808,60.48749,-149.984016,Unnamed,Sterling Highway,,830,832,,,KEN18,1,1.90203E+11,-149.984016,60.48749000000004
3069,60,187271,UCSH2,"8/30/2018, 4:00 PM",2,Gray,20303807,60.524317,-149.643483,Unnamed,Sterling Highway,,830,832,,,KEN18,0,1.90203E+11,-149.643483,60.52431700000005
3081,25,187286,KEN32,"6/3/2019, 4:00 PM",4,Black,20303922,60.489599,-149.716271,Denaina Creek,Sterling Highway,,755,,,,UPDATE,1,1.90203E+11,-149.716271,60.489599000000055
3084,25,187289,KEN35,"6/10/2019, 4:00 PM",4,Black,20303925,60.533335,-149.568202,Unnamed,Sterling Highway,,755,,,,UPDATE,0,1.90203E+11,-149.568202,60.53333500000008
3096,82,187302,SHW20,"6/23/2019, 4:00 PM",4,Black,20303939,60.52491,-149.616622,Daves Creek Mainstem,Sterling Highway,,889,755,,,UPD20,0,1.90203E+11,-149.616622,60.524910000000034
3099,82,187307,SGH20A,"6/23/2019, 4:00 PM",4,Black,20303937,60.534389,-149.546259,Tern Lake tributary,Sterling Highway,,889,755,,,UPD20,0,1.90203E+11,-149.546259,60.53438900000003
3100,82,187308,SGH20B,"6/23/2019, 4:00 PM",4,Black,20303938,60.53329,-149.553379,Tern Lake tributary,Sterling Highway,,889,755,,,UPD20,0,1.90203E+11,-149.553379,60.53329000000008
3121,83,187351,2005,"5/11/2021, 4:00 PM",4,Black,20302509,60.72894,-151.16673,Bishop Creek tributary,Stickleback Road,,222,,,,UPD21,0,1.90203E+11,-151.16673,60.72894000000008
2777,52,186971,HBL01,"7/9/2017, 4:00 PM",4,Black,20303750,60.545569,-150.983408,Unnamed,Strawberry Road,,788,781,,,KEN17,0,1.90203E+11,-150.983408,60.54556900000006
2641,25,186829,BEL03,"4/26/2016, 4:00 PM",2,Gray,20503478,61.25003,-150.80856,Unnamed,Stump Road,,222,,,,UPDATE,0,1.90205E+11,-150.80856,61.25003000000004
807,10,6523,NK063,"9/4/2001, 4:00 PM",3,Red,20301004,60.72487593,-150.6783705,Sucker Creek,Swan Lake Road,,24,11,100,,KPCS1,0,1.90203E+11,-150.6783705,60.724875928000074
808,25,6524,KEN05,"12/31/2012, 3:00 PM",1,Green,20301005,60.73148675,-150.7415331,Unnamed,Swan Lake Road,2007,,,,,UPDATE,1,1.90203E+11,-150.7415331,60.73148674600003
2951,81,187150,SWRA01,"6/18/2019, 4:00 PM",2,Gray,20303792,60.793726,-151.015176,Stormy Lake Outlet Creek,Swanson River Access,,830,833,883,,KEN19,0,1.90203E+11,-151.015176,60.79372600000005
815,83,6531,NK084,"5/12/2021, 4:00 PM",4,Black,20301012,60.70315566,-150.8393872,Breeze Lake Creek,"Swanson River Road, off ",,,,,,UPD21,0,1.90203E+11,-150.8393872,60.70315566000005
812,25,6528,KEN04,"6/29/2012, 4:00 PM",1,Green,20301009,60.70406556,-150.8691787,Mink Creek,"Swanson River Road, off of ",2007,,,,,UPDATE,1,1.90203E+11,-150.8691786,60.704065557000035
813,10,6529,NK082,"9/26/2001, 4:00 PM",2,Gray,20301010,60.70577565,-150.8618983,Mink Creek,"Swanson River Road, off of ",,24,100,82,206,KPCS1,0,1.90203E+11,-150.8618983,60.70577565100007
814,25,6530,KEN03,"6/29/2012, 4:00 PM",1,Green,20301011,60.70410575,-150.8254765,Breeze Lake Creek,"Swanson River Road, off of ",2007,,,,,UPDATE,1,1.90203E+11,-150.8254765,60.70410575500006
2952,25,187151,TTL01,"9/6/2018, 4:00 PM",4,Black,20303793,60.717007,-151.159512,Daniels Creek,Taurianen Trail,,755,,,,UPDATE,1,1.90203E+11,-151.159512,60.71700700000008
1113,25,6888,1542,"4/25/2016, 4:00 PM",1,Green,20601542,61.07329,-151.25336,Tyonek Creek,Tyonek-Beluga Road,2015,224,,,,UPDATE,1,1.90206E+11,-151.25336,61.07329000000004
1125,25,6900,1554,"6/19/2018, 4:00 PM",1,Green,20601554,61.047686,-151.437505,Congabuna Lake outlet,Tyonek Road,2018,725,,,,UPDATE,1,1.90206E+11,-151.437505,61.047686000000056
1098,25,6873,TY001,"4/26/2016, 4:00 PM",1,Green,20601527,61.06325,-151.36644,Old Tyonek Creek,Tyonek Timber Road,2015,224,752,,,UPDATE,1,1.90206E+11,-151.36644,61.06325000000004
1106,25,6881,TYK04,"4/24/2016, 4:00 PM",2,Gray,20601535,61.06654,-151.32612,Unnamed,Tyonek Timber Road,,224,222,752,,UPDATE,0,1.90206E+11,-151.32612,61.06654000000003
1110,25,6885,01539,"8/2/2017, 4:00 PM",1,Green,20601539,61.06987,-151.17418,Bunka Lake outlet,Tyonek Timber Road,2017,224,,,,UPDATE,1,1.90206E+11,-151.17418,61.06987000000004
1111,14,6886,TY014,"6/10/2002, 4:00 PM",3,Red,20601540,61.045209,-151.180269,Tyonek Creek,Tyonek Timber Road,,24,134,79,,TYCS1,0,1.90206E+11,-151.180269,61.04520900000006
1114,25,6889,1543,"4/24/2016, 4:00 PM",3,Red,20601543,61.05783,-151.40369,Bird Lake outlet,Tyonek Timber Road,,224,222,752,,UPDATE,0,1.90206E+11,-151.40369,61.05783000000008
1115,83,6890,TY018,"5/12/2021, 4:00 PM",1,Green,20601544,61.05314,-151.32193,Unnamed,Tyonek Timber Road,2019,,,,,UPD21,1,1.90206E+11,-151.32193,61.05314000000004
2958,25,187157,KEN31,"9/12/2018, 4:00 PM",4,Black,20303799,60.513741,-151.196436,Unnamed,Unnamed,,755,,,,UPDATE,0,1.90203E+11,-151.196436,60.51374100000004
805,10,6521,NK061,"9/3/2001, 4:00 PM",1,Green,20301002,60.43968047,-150.3201642,Lower Ohmer Creek,Upper Skilak Campground Road,,24,11,100,,KPCS1,0,1.90203E+11,-150.3201642,60.439680474000056
806,10,6522,NK062,"9/3/2001, 4:00 PM",3,Red,20301003,60.4556208,-150.3101649,NULL,Upper Skilak Campground Road,,24,100,11,,KPCS1,0,1.90203E+11,-150.3101649,60.45562079900003
804,10,6520,NK060,"9/3/2001, 4:00 PM",3,Red,20301001,60.44187049,-150.3178242,Lower Ohmer Creek,Upper Skilak Lake Campground,,24,11,100,,KPCS1,0,1.90203E+11,-150.3178242,60.44187049200008
684,9,6399,1A001,"6/27/2004, 4:00 PM",1,Green,20300880,60.16718985,-151.4135345,NULL,,2002,135,165,,,KPC04,1,1.90203E+11,-151.4135345,60.167189851000046
2001,36,8318,SEL11,"11/2/2011, 4:00 PM",1,Green,20303061,59.438,-151.703,Fish Creek,Airport Way,,278,,,,SEL11,0,1.90203E+11,-151.703,59.438000000000045
750,10,6465,EK070,"9/9/2001, 4:00 PM",2,Gray,20200946,60.18277134,-149.3697289,Bear Creek,Bear Lake,,24,11,100,,KPCS1,0,1.90202E+11,-149.3697289,60.18277133600003
2910,52,187106,86_2007,"8/8/2017, 4:00 PM",3,Red,20203740,60.15521,-149.43199,Unnamed,Clear Creek Road,,784,787,786,,KEN17,0,1.90202E+11,-149.43199,60.15521000000007
2891,52,187087,39_2006,"7/12/2017, 4:00 PM",1,Green,20203730,60.11967,-149.44302,Unnamed,Dairy Hill Lane,,783,787,784,,KEN17,0,1.90202E+11,-149.44302,60.11967000000004
2897,52,187093,75_2007,"7/14/2017, 4:00 PM",3,Red,20203734,60.12344,-149.36717,Unnamed,Driveway,,783,787,784,,KEN17,0,1.90202E+11,-149.36717,60.12344000000007
2898,52,187094,81_2007,"7/19/2017, 4:00 PM",3,Red,20203736,60.155048,-149.426587,Unnamed,Driveway,,783,787,784,,KEN17,0,1.90202E+11,-149.426587,60.15504800000008
2899,52,187095,112_2007,"7/19/2017, 4:00 PM",3,Red,20203720,60.11431,-149.44389,Unnamed,Driveway,,,,,,KEN17,0,1.90202E+11,-149.44389,60.114310000000046
2900,52,187096,115_2007,"7/19/2017, 4:00 PM",3,Red,20203721,60.11375,-149.44392,Scheffler Creek,Driveway,,783,784,787,,KEN17,0,1.90202E+11,-149.44392,60.11375000000004
2901,52,187097,122_2007,"8/7/2017, 4:00 PM",3,Red,20203728,60.11215,-149.44386,Scheffler Creek,Driveway,,783,784,786,,KEN17,0,1.90202E+11,-149.44386,60.11215000000004
2902,52,187098,116_2007,"7/20/2017, 4:00 PM",2,Gray,20203722,60.11341,-149.44402,Scheffler Creek,Driveway,,783,784,787,,KEN17,0,1.90202E+11,-149.44402,60.113410000000044
2903,52,187099,117_2007,"7/20/2017, 4:00 PM",1,Green,20203723,60.11335,-149.44391,Schafller Creek,Driveway,,783,787,784,,KEN17,0,1.90202E+11,-149.44391,60.11335000000008
2904,52,187100,118_2007,"7/20/2017, 4:00 PM",3,Red,20203724,60.113149,-149.44383,Scheffler Creek,Driveway,,783,787,784,,KEN17,0,1.90202E+11,-149.44383,60.11314900000008
2905,52,187101,119_2007,"8/7/2017, 4:00 PM",3,Red,20203725,60.11284,-149.44388,Scheffler Creek,Driveway,,783,787,784,,KEN17,0,1.90202E+11,-149.44388,60.11284000000006
2906,52,187102,120_2007,"8/7/2017, 4:00 PM",3,Red,20203726,60.11266,-149.44389,Scheffler Creek,Driveway,,783,786,784,,KEN17,0,1.90202E+11,-149.44389,60.11266000000006
2907,52,187103,121_2007,"8/7/2017, 4:00 PM",3,Red,20203727,60.11247,-149.44385,Scheffler Creek,Driveway,,783,784,786,,KEN17,0,1.90202E+11,-149.44385,60.11247000000003
2909,52,187105,85_2007,"8/8/2017, 4:00 PM",1,Green,20203739,60.15534,-149.43472,Unnamed,Driveway,,784,787,786,,KEN17,0,1.90202E+11,-149.43472,60.15534000000008
2911,52,187107,84_2007,"8/9/2017, 4:00 PM",2,Gray,20203738,60.15498,-149.42961,Unnamed,Driveway,,784,787,786,,KEN17,0,1.90202E+11,-149.42961,60.15498000000008
2912,52,187108,83_2007,"8/9/2017, 4:00 PM",3,Red,20203737,60.15519,-149.4283,Unnamed,Driveway,,787,784,786,,KEN17,0,1.90202E+11,-149.4283,60.15519000000006
2913,52,187109,89_2007,"8/9/2017, 4:00 PM",3,Red,20203742,60.14897,-149.40862,Unnamed,Driveway,,784,787,786,,KEN17,0,1.90202E+11,-149.40862,60.14897000000008
1993,36,8309,SEL02,"11/1/2011, 4:00 PM",4,Black,20303053,59.44131,-151.47534,Jakalof River,Driveway off Jakalof Bay Road,,278,,,,SEL11,0,1.90203E+11,-151.47534,59.441310000000044
821,10,6537,SK027,"7/10/2001, 4:00 PM",3,Red,20301018,59.66386061,-151.4695978,Palmer Creek or Coal Creek,East End Road,,24,142,,,KPCS1,0,1.90203E+11,-151.4695978,59.66386061400004
822,10,6538,SK028,"7/10/2001, 4:00 PM",2,Gray,20301019,59.7085644,-151.3451784,Fritz Creek,East End Road,,24,142,,,KPCS1,0,1.90203E+11,-151.3451784,59.70856439600004
823,10,6539,SK029,"7/11/2001, 4:00 PM",3,Red,20301020,59.74464694,-151.256329,McNeil Creek,East End Road,,24,,,,KPCS1,0,1.90203E+11,-151.256329,59.74464694300008
696,9,6411,1A021,"7/11/2004, 4:00 PM",1,Green,20300892,59.95373675,-151.7037123,NULL,East Road,,135,165,,,KPC04,0,1.90203E+11,-151.7037123,59.95373674900003
697,9,6412,1A022,"7/11/2004, 4:00 PM",2,Gray,20300893,59.9530127,-151.6832092,NULL,East Road,,135,165,,,KPC04,0,1.90203E+11,-151.6832092,59.95301270200008
711,9,6426,1A063,"7/11/2004, 4:00 PM",2,Gray,20300907,59.98388134,-151.6291596,NULL,East Road,,135,165,,,KPC04,0,1.90203E+11,-151.6291596,59.98388133600008
685,9,6400,1A003,"6/21/2004, 4:00 PM",1,Green,20300881,60.15141876,-151.352719,NULL,Falls Creek Road,,135,165,,,KPC04,0,1.90203E+11,-151.352719,60.15141876300004
686,9,6401,1A004,"6/21/2004, 4:00 PM",3,Red,20300882,60.14039455,-151.364649,NULL,Falls Creek Road,,135,165,,,KPC04,0,1.90203E+11,-151.364649,60.140394549000064
687,9,6402,1A008,"6/27/2004, 4:00 PM",2,Gray,20300883,60.18491511,-151.3054008,NULL,Falls Creek Road,,135,165,,,KPC04,0,1.90203E+11,-151.3054008,60.18491510800004
824,25,6540,KEN01,"12/31/2012, 3:00 PM",1,Green,20301021,59.73827584,-151.3099616,Beaver Creek,Hutler Road,2009,,,,,UPDATE,1,1.90203E+11,-151.3099616,59.73827584000003
1992,36,8308,SEL01,"11/1/2011, 4:00 PM",4,Black,20303052,59.44474,-151.48219,Unnamed,Jakalof Bay Road,,278,,,,SEL11,0,1.90203E+11,-151.48219,59.44474000000008
1994,36,8310,SEL03,"11/1/2011, 4:00 PM",2,Gray,20303054,59.44772,-151.49365,Unnamed,Jakalof Bay Road,,278,,,,SEL11,0,1.90203E+11,-151.49365,59.44772000000006
1996,36,8312,SEL05,"11/1/2011, 4:00 PM",4,Black,20303056,59.46002,-151.53177,Unnamed,Jakalof Bay Road,,278,,,,SEL11,0,1.90203E+11,-151.53177,59.46002000000004
2000,36,8317,SEL10,"11/2/2011, 4:00 PM",4,Black,20303060,59.46471,-151.6789,Unnamed,Jakalof Bay Road,,278,,,,SEL11,0,1.90203E+11,-151.6789,59.46471000000008
2002,36,8319,SEL04,"11/1/2011, 4:00 PM",4,Black,20303062,59.45235,-151.52417,Unnamed,Jakalof Bay Road,,278,,,,SEL11,0,1.90203E+11,-151.52417,59.45235000000008
1995,36,8311,SEL06,"11/2/2011, 4:00 PM",4,Black,20303055,59.45235,-151.52417,Unnamed,Jakalof Road,,278,,,,SEL11,0,1.90203E+11,-151.52417,59.45235000000008
1997,36,8314,SEL07,"11/2/2011, 4:00 PM",4,Black,20303057,59.47644,-151.65186,Unnamed,Karshevarof Road,,278,,,,SEL11,0,1.90203E+11,-151.65186,59.47644000000008
1998,36,8315,SEL08,"11/2/2011, 4:00 PM",4,Black,20303058,59.47662,-151.65523,Unnamed,Karshevarof Road,,278,,,,SEL11,0,1.90203E+11,-151.65523,59.47662000000008
741,52,6456,17_06,"7/14/2017, 4:00 PM",3,Red,20200937,60.08947,-149.35236,Spring Creek,Nash Road,,783,787,784,,KEN17,0,1.90202E+11,-149.35236,60.08947000000006
749,10,6464,EK069,"9/9/2001, 4:00 PM",3,Red,20200945,60.1225294,-149.3697248,Unnamed,Nash Road,,24,11,100,,KPCS1,0,1.90202E+11,-149.3697248,60.122529402000055
788,10,6504,NK020,"7/2/2001, 4:00 PM",3,Red,20300985,59.80044833,-151.6365092,Anchor River North Fork ,Nikolaevsk Road,,24,142,197,,KPCS1,0,1.90203E+11,-151.6365092,59.80044833300008
825,10,6541,SK031,"7/14/2001, 4:00 PM",3,Red,20301022,59.81844977,-151.6066812,Unnamed,Nikolaevsk Road,,24,142,,,KPCS1,0,1.90203E+11,-151.6066812,59.818449771000076
3093,81,187298,NFRD01,"6/30/2019, 4:00 PM",2,Gray,20303931,59.7122,-151.6802,Anchor River Tributary,North Ford Road,,830,833,883,,KEN19,0,1.90203E+11,-151.6802,59.71220000000005
790,81,6506,RBC01,"6/30/2019, 4:00 PM",3,Red,20300987,59.71225703,-151.680216,Unnamed,North Fork Anchor Road,,830,833,883,,KEN19,0,1.90203E+11,-151.680216,59.712257031000036
789,10,6505,NK021,"7/2/2001, 4:00 PM",3,Red,20300986,59.76637765,-151.6266623,Unnamed,North Fork Road,,24,197,142,,KPCS1,0,1.90203E+11,-151.6266623,59.76637765300006
826,10,6542,SK032,"7/15/2001, 4:00 PM",3,Red,20301023,59.80098786,-151.6650909,Unnamed,North Fork Road,,24,39,142,,KPCS1,0,1.90203E+11,-151.6650909,59.80098786000008
688,9,6403,1A011,"6/22/2004, 4:00 PM",1,Green,20300884,60.02728668,-151.4008124,NULL,Oil Well Road,,135,165,,,KPC04,0,1.90203E+11,-151.4008124,60.027286676000074
689,9,6404,1A012,"6/22/2004, 4:00 PM",2,Gray,20300885,60.04218986,-151.3857502,NULL,Oil Well Road,,135,165,,,KPC04,0,1.90203E+11,-151.3857502,60.04218986400008
690,9,6405,1A013,"6/22/2004, 4:00 PM",3,Red,20300886,60.04943232,-151.3820278,NULL,Oil Well Road,,135,165,,,KPC04,0,1.90203E+11,-151.3820278,60.049432316000036
691,9,6406,1A014,"6/25/2004, 4:00 PM",3,Red,20300887,60.04990459,-151.3467132,NULL,Oil Well Road,,135,165,,,KPC04,0,1.90203E+11,-151.3467132,60.049904595000044
692,25,6407,1A015,"4/6/2016, 4:00 PM",1,Green,20300888,60.04926616,-151.342293,NULL,Oil Well Road,,222,,,,UPDATE,1,1.90203E+11,-151.342293,60.04926615800008
693,9,6408,1A016,"6/28/2004, 4:00 PM",3,Red,20300889,60.0667067,-151.3423,NULL,Oil Well Road,,135,165,,,KPC04,0,1.90203E+11,-151.3423,60.066706701000044
694,9,6409,1A017,"6/28/2004, 4:00 PM",1,Green,20300890,60.07111647,-151.3379123,NULL,Oil Well Road,,135,165,,,KPC04,0,1.90203E+11,-151.3379123,60.071116466000035
695,25,6410,KEN26,"12/31/2012, 3:00 PM",4,Black,20300891,60.12671079,-151.2519734,NULL,Oil Well Road,,,,,,UPDATE,0,1.90203E+11,-151.2519734,60.126710794000076
698,9,6413,1A023,"4/11/2004, 4:00 PM",3,Red,20300894,59.99457678,-151.4938679,NULL,Oil Well Road,,135,165,,,KPC04,0,1.90203E+11,-151.4938679,59.994576779000056
699,9,6414,1A024,"6/27/2004, 4:00 PM",2,Gray,20300895,60.00979873,-151.3316675,NULL,Oil Well Road,,135,165,,,KPC04,0,1.90203E+11,-151.3316675,60.00979873400007
700,9,6415,1A026,"1/7/2004, 3:00 PM",3,Red,20300896,60.12448936,-151.1806268,NULL,Oil Well Road,,135,165,,,KPC04,0,1.90203E+11,-151.1806268,60.12448936100003
701,9,6416,1A028,"7/6/2004, 4:00 PM",1,Green,20300897,59.98510548,-151.2247982,NULL,Oil Well Road,,135,165,,,KPC04,0,1.90203E+11,-151.2247982,59.98510548000007
702,9,6417,1A030,"7/6/2004, 4:00 PM",1,Green,20300898,59.9924118,-151.3358715,NULL,Oil Well Road,,135,165,,,KPC04,0,1.90203E+11,-151.3358715,59.992411796000056
703,9,6418,1A031,"7/11/2004, 4:00 PM",3,Red,20300899,59.99103618,-151.4905414,NULL,Oil Well Road,,135,165,,,KPC04,0,1.90203E+11,-151.4905414,59.99103618000004
704,9,6419,1A032,"6/27/2004, 4:00 PM",2,Gray,20300900,60.04575261,-151.3001169,NULL,Oil Well Road,,135,165,,,KPC04,0,1.90203E+11,-151.3001169,60.04575261000008
705,9,6420,1A045,"6/27/2004, 4:00 PM",1,Green,20300901,60.05030762,-151.5819968,NULL,Oil Well Road,,135,165,,,KPC04,0,1.90203E+11,-151.5819968,60.05030762400003
706,9,6421,1A050,"6/21/2004, 4:00 PM",2,Gray,20300902,60.05686078,-151.4768801,NULL,Oil Well Road,,135,165,,,KPC04,0,1.90203E+11,-151.4768801,60.05686078400004
707,9,6422,1A058,"6/21/2004, 4:00 PM",3,Red,20300903,60.02750824,-151.573336,NULL,Oil Well Road,,135,165,,,KPC04,0,1.90203E+11,-151.573336,60.027508244000046
708,25,6423,KEN22,"12/31/2012, 3:00 PM",4,Black,20300904,60.06465637,-151.4257295,NULL,Oil Well Road,,,,,,UPDATE,0,1.90203E+11,-151.4257295,60.06465637200006
827,25,6543,SK033,"4/7/2016, 4:00 PM",1,Green,20301024,60.01066328,-151.5253129,Silver Salmon,Oil Well Road,,222,,,,UPDATE,1,1.90203E+11,-151.5253129,60.01066328400003
2915,52,187111,77_2007,"8/10/2017, 4:00 PM",2,Gray,20203735,60.15431,-149.42455,Unnamed,Old Exit Glacier Road,,784,787,786,,KEN17,0,1.90202E+11,-149.42455,60.154310000000066
2894,52,187090,48_2006,"7/12/2017, 4:00 PM",3,Red,20203732,60.12098,-149.43985,Unnamed,Port Avenue,,783,787,784,,KEN17,0,1.90202E+11,-149.43985,60.12098000000003
712,9,6427,1A079,"9/18/2004, 4:00 PM",1,Green,20300908,59.33479675,-151.8174756,NULL,Port Graham,,135,165,,,KPC04,0,1.90203E+11,-151.8174756,59.334796750000066
713,9,6428,1A084,"7/18/2004, 4:00 PM",2,Gray,20300909,59.33090594,-151.8055521,NULL,Port Graham,,,,,,KPC04,0,1.90203E+11,-151.8055521,59.33090594100008
714,9,6429,1A086,"8/18/2004, 4:00 PM",1,Green,20300910,59.32599537,-151.7945191,NULL,Port Graham,,135,165,,,KPC04,0,1.90203E+11,-151.7945191,59.325995369000054
715,9,6430,1A087,"8/18/2004, 4:00 PM",1,Green,20300911,59.3202478,-151.7840817,NULL,Port Graham,,135,165,,,KPC04,0,1.90203E+11,-151.7840817,59.32024779900007
716,9,6431,1A088,"8/18/2004, 4:00 PM",3,Red,20300912,59.31087237,-151.7717086,NULL,Port Graham,,135,165,,,KPC04,0,1.90203E+11,-151.7717086,59.31087236700006
717,9,6432,1A089,"8/18/2004, 4:00 PM",3,Red,20300913,59.30850014,-151.7578211,NULL,Port Graham,,135,165,,,KPC04,0,1.90203E+11,-151.7578211,59.30850014300006
718,9,6433,1A091,"8/17/2004, 4:00 PM",3,Red,20300914,59.29291462,-151.7003821,NULL,Port Graham,,135,165,,,KPC04,0,1.90203E+11,-151.7003821,59.29291462400005
719,9,6434,1A092,"8/17/2004, 4:00 PM",3,Red,20300915,59.28985038,-151.6904909,NULL,Port Graham,,135,165,,,KPC04,0,1.90203E+11,-151.6904909,59.28985037800004
720,9,6435,1A094,"8/16/2004, 4:00 PM",1,Green,20300916,59.30369057,-151.7204486,NULL,Port Graham,,135,165,,,KPC04,0,1.90203E+11,-151.7204486,59.30369056600006
721,9,6436,1A095,"8/16/2004, 4:00 PM",1,Green,20300917,59.30607872,-151.7258285,NULL,Port Graham,,135,165,,,KPC04,0,1.90203E+11,-151.7258285,59.30607872000007
722,9,6437,1A096,"8/16/2004, 4:00 PM",3,Red,20300918,59.3076617,-151.7223092,NULL,Port Graham,,135,165,,,KPC04,0,1.90203E+11,-151.7223091,59.30766170100003
723,9,6438,1A097,"8/16/2004, 4:00 PM",3,Red,20300919,59.30813389,-151.7230763,NULL,Port Graham,,135,165,,,KPC04,0,1.90203E+11,-151.7230763,59.308133885000075
724,9,6439,1A098,"8/16/2004, 4:00 PM",2,Gray,20300920,59.30174782,-151.7118873,NULL,Port Graham,,135,165,,,KPC04,0,1.90203E+11,-151.7118873,59.301747824000074
725,9,6440,1A099,"8/16/2004, 4:00 PM",2,Gray,20300921,59.30213914,-151.7002252,NULL,Port Graham,,135,165,,,KPC04,0,1.90203E+11,-151.7002252,59.30213913700004
726,9,6441,1A102,"8/16/2004, 4:00 PM",3,Red,20300922,59.30243435,-151.7058791,NULL,Port Graham,,135,165,,,KPC04,0,1.90203E+11,-151.7058791,59.30243434600004
727,9,6442,1A103,"9/18/2004, 4:00 PM",1,Green,20300923,59.34301342,-151.8382971,NULL,Port Graham,,135,165,,,KPC04,0,1.90203E+11,-151.8382971,59.343013416000076
728,9,6443,1A104,"8/16/2004, 4:00 PM",3,Red,20300924,59.29671435,-151.7158956,NULL,Port Graham,,135,165,,,KPC04,0,1.90203E+11,-151.7158955,59.29671434900007
729,9,6444,1A105,"8/17/2004, 4:00 PM",1,Green,20300925,59.28940489,-151.6870578,NULL,Port Graham,,135,165,,,KPC04,0,1.90203E+11,-151.6870578,59.28940489400003
730,9,6445,1A107,"8/17/2004, 4:00 PM",3,Red,20300926,59.29771233,-151.7118075,NULL,Port Graham,,135,165,,,KPC04,0,1.90203E+11,-151.7118075,59.29771233000008
731,9,6446,1A111,"8/17/2004, 4:00 PM",2,Gray,20300927,59.2785487,-151.655291,NULL,Port Graham,,135,165,,,KPC04,0,1.90203E+11,-151.655291,59.27854869600003
732,9,6447,1A117,"8/17/2004, 4:00 PM",1,Green,20300928,59.27868826,-151.659749,NULL,Port Graham,,135,165,,,KPC04,0,1.90203E+11,-151.659749,59.278688257000056
733,9,6448,1A119,"8/17/2004, 4:00 PM",3,Red,20200929,59.24984594,-151.6272546,NULL,Port Graham,,135,165,,,KPC04,0,1.90202E+11,-151.6272546,59.24984594000006
748,52,6463,17_08,"7/19/2017, 4:00 PM",1,Green,20200944,60.14376,-149.41443,Unnamed,Salmon Creek Road,2012,783,787,784,,KEN17,1,1.90202E+11,-149.41443,60.14376000000004
2914,52,187110,87_2007,"8/10/2017, 4:00 PM",2,Gray,20203741,60.15122,-149.40675,Unnamed,Salmon Creek Road,,784,787,786,,KEN17,0,1.90202E+11,-149.40675,60.15122000000008
792,10,6508,NK024,"7/4/2001, 4:00 PM",3,Red,20300989,59.75663697,-151.7827095,Two Moose Creek,Serling Highway,,24,142,,,KPCS1,0,1.90203E+11,-151.7827095,59.756636969000056
740,10,6455,EK052,"8/26/2001, 4:00 PM",3,Red,20300936,60.31044957,-149.3602119,Unnamed,Seward Highway,,24,11,100,,KPCS1,0,1.90203E+11,-149.3602119,60.310449574000074
742,81,6457,GC01,"8/13/2019, 4:00 PM",3,Red,20200938,60.20435066,-149.3720405,Grouse Creek,Seward Highway,,830,833,883,,KEN19,0,1.90202E+11,-149.3720405,60.204350659000056
743,10,6458,EK055,"8/28/2001, 4:00 PM",3,Red,20200939,60.24200118,-149.3648228,Grouse Creek,Seward Highway,,24,11,100,,KPCS1,0,1.90202E+11,-149.3648228,60.242001178000066
744,10,6459,EK056,"8/28/2001, 4:00 PM",2,Gray,20200940,60.16591946,-149.4042281,Unnamed,Seward Highway,,24,11,100,,KPCS1,0,1.90202E+11,-149.4042281,60.16591945600004
2893,52,187089,49_2006,"7/12/2017, 4:00 PM",2,Gray,20203733,60.12032,-149.44093,Unnamed,Seward Highway,,783,787,784,,KEN17,0,1.90202E+11,-149.44093,60.12032000000005
2895,52,187091,31_2007,"7/13/2017, 4:00 PM",1,Green,20203729,60.16084,-149.41443,Unnamed,Seward Highway,,783,784,787,,KEN17,0,1.90202E+11,-149.41443,60.160840000000064
2908,52,187104,45_2007,"8/8/2017, 4:00 PM",3,Red,20203731,60.191417,-149.375135,Unnamed,Seward Highway,,784,787,786,,KEN17,0,1.90202E+11,-149.375135,60.19141700000006
3086,25,187291,KEN37,"6/10/2019, 4:00 PM",4,Black,20303927,60.273352,-149.346305,Unnamed,Seward Highway,,755,,,,UPDATE,0,1.90203E+11,-149.346305,60.273352000000045
3087,25,187292,KEN38,"6/10/2019, 4:00 PM",4,Black,20303928,60.275027,-149.345972,Unnamed,Seward Highway,,755,,,,UPDATE,0,1.90203E+11,-149.345972,60.27502700000008
3088,25,187293,KEN39,"6/10/2019, 4:00 PM",4,Black,20303929,60.29174,-149.347493,Unnamed,Seward Highway,,755,,,,UPDATE,0,1.90203E+11,-149.347493,60.29174000000006
3097,82,187305,SRD20,"6/23/2019, 4:00 PM",4,Black,20303941,60.29476,-149.351624,Tributary to Snow River,Seward Highway,,889,755,,,UPD20,0,1.90203E+11,-149.351624,60.29476000000005
3098,82,187306,SRD20A,"6/23/2019, 4:00 PM",4,Black,20303942,60.302346,-149.356346,Trib to Snow River,Seward Highway,,889,755,,,UPD20,0,1.90203E+11,-149.356346,60.30234600000006
784,10,6500,NK016,"6/27/2001, 4:00 PM",3,Red,20300981,60.19058632,-151.4296493,Falls Creek,Sterling Highway,,24,142,197,,KPCS1,0,1.90203E+11,-151.4296493,60.19058632000008
785,10,6501,NK017,"6/27/2001, 4:00 PM",3,Red,20300982,60.17170534,-151.4459881,Corea,Sterling Highway,,24,142,197,,KPCS1,0,1.90203E+11,-151.4459881,60.17170533600006
786,10,6502,NK018,"7/1/2001, 4:00 PM",2,Gray,20300983,59.93692125,-151.7375578,Happy Creek,Sterling Highway,,24,197,142,,KPCS1,0,1.90203E+11,-151.7375578,59.93692125400008
787,25,6503,KEN10,"12/31/2012, 3:00 PM",1,Green,20300984,59.85143633,-151.7905646,Stariski Creek,Sterling Highway,,,,,,UPDATE,1,1.90203E+11,-151.7905646,59.851436325000066
791,10,6507,NK023,"7/3/2001, 4:00 PM",2,Gray,20300988,59.77373739,-151.8311236,Anchor River North Fork ,Sterling Highway,,24,142,,,KPCS1,0,1.90203E+11,-151.8311236,59.773737389000075
793,25,6509,KEN09,"12/31/2008, 3:00 PM",4,Black,20300990,59.71385725,-151.7026377,Unnamed,Sterling Highway,2008,,,,,UPDATE,0,1.90203E+11,-151.7026377,59.713857250000046
820,10,6536,SK026,"7/9/2001, 4:00 PM",3,Red,20301017,59.66914682,-151.6698977,Diamond Creek,Sterling Highway,,24,142,,,KPCS1,0,1.90203E+11,-151.6698977,59.66914682400005
828,10,6544,SK034,"7/16/2001, 4:00 PM",3,Red,20301025,60.23351809,-151.385988,Unnamed,Sterling Highway,,24,39,,,KPCS1,0,1.90203E+11,-151.385988,60.23351809400003
709,25,6424,KEN21,"12/31/2012, 3:00 PM",1,Green,20300905,59.88104838,-151.5604232,NULL,Tall Tree Road,,,,,,UPDATE,1,1.90203E+11,-151.5604232,59.881048382000074
710,25,6425,KEN20,"12/31/2012, 3:00 PM",1,Green,20300906,59.87099384,-151.6055751,NULL,Tall Tree Road,,,,,,UPDATE,1,1.90203E+11,-151.6055751,59.87099383600008
2930,25,187126,TAXIA,"1/25/2018, 3:00 PM",4,Black,20203770,60.129014,-149.417663,Unnamed,Taxiway A,,645,,,,UPDATE,0,1.90202E+11,-149.417663,60.12901400000004
2933,25,187129,TAXIC,"2/1/2018, 3:00 PM",4,Black,20203771,60.13256,-149.421292,Unnamed,Taxiway C,,645,,,,UPDATE,0,1.90202E+11,-149.421292,60.13256000000007
2932,25,187128,TAXID,"2/1/2018, 3:00 PM",4,Black,20203772,60.130531,-149.42109,Unnamed Stream,Taxiway D,,645,,,,UPDATE,0,1.90202E+11,-149.42109,60.130531000000076
2934,25,187130,TAXIE,"2/1/2018, 3:00 PM",4,Black,20203773,60.128596,-149.420839,Unnamed,Taxiway E,,645,,,,UPDATE,0,1.90202E+11,-149.420839,60.12859600000007
2931,25,187127,TAXIF,"1/25/2018, 3:00 PM",4,Black,20203774,60.127526,-149.420648,Unnamed,Taxiway F,,645,,,,UPDATE,0,1.90202E+11,-149.420648,60.127526000000046
2896,52,187092,101_2007,"7/13/2017, 4:00 PM",1,Green,20203719,60.16748,-149.39059,Unnamed,Timber Lane Drive,,783,784,787,,KEN17,0,1.90202E+11,-149.39059,60.16748000000007
1999,36,8316,SEL09,"11/2/2011, 4:00 PM",4,Black,20303059,59.47818,-151.65428,Unnamed,Unnamed,,278,,,,SEL11,0,1.90203E+11,-151.65428,59.478180000000066
